prompt_index,prompt_id,completion_count,completion_lengths,mean_completion_length,truncated_count,eos_count,correct_count,valid_final_box_count,reward_values,mixed_reward,reward_variance,all_zero_reward,all_one_reward
0,78c290e3ea3ecf8783589f60a89e7219e6b6cf1c337fcf3ff0f77143667d7f85,4,"[507, 528, 583, 1024]",660.5,1,3,0,3,"[0.0, 0.0, 0.0, 0.0]",False,0.0,True,False
1,6af0a87c9d9ee5c1d993bddf96f40a89f4605a670466503a8aaa7d3452de2a01,4,"[518, 818, 551, 441]",582,0,4,0,4,"[0.0, 0.0, 0.0, 0.0]",False,0.0,True,False
2,b5ada0549dd82dc43480d742436316ddff373644dd8e8cbe2096428cd1ceec3a,4,"[568, 400, 910, 916]",698.5,0,4,0,4,"[0.0, 0.0, 0.0, 0.0]",False,0.0,True,False
3,34c7b4a7c448f9a64842bac197009175f92dce7c7adf0a2b1c14967e69277efa,4,"[390, 676, 453, 1024]",635.75,1,3,2,3,"[0.0, 1.0, 1.0, 0.0]",True,0.25,False,False
4,2cf918f1f38baa67b2bd73f438e564fe0e9d1f07d7d7166ec52d57934608bcf2,4,"[1024, 723, 306, 339]",598,1,3,0,3,"[0.0, 0.0, 0.0, 0.0]",False,0.0,True,False
5,1ee34b542f5c8311b5005d25b8d4a0b12f7d2afa09f0428b1ab268fd5f88811d,4,"[667, 866, 849, 527]",727.25,0,4,1,4,"[1.0, 0.0, 0.0, 0.0]",True,0.1875,False,False
6,70a0a1af0e58d4de1cc9d3e33262c7aee67ccde51c4a52a2b87e788f687d6b03,4,"[659, 392, 405, 618]",518.5,0,4,1,3,"[0.0, 0.0, 0.0, 1.0]",True,0.1875,False,False
7,639cd507bab50ea30638fedb40e753aa30e94072aabc8395335fc12f066d06ed,4,"[450, 572, 689, 964]",668.75,0,4,0,4,"[0.0, 0.0, 0.0, 0.0]",False,0.0,True,False
8,9148ad85f80f33d87893a4fb15b5e1f77c823d6add5de7491dc417924ba0111f,4,"[762, 751, 739, 765]",754.25,0,4,0,4,"[0.0, 0.0, 0.0, 0.0]",False,0.0,True,False
9,661ccbb53b18b68364bf47a57175b9791d4ded3eaa70764b93d3a34e35a5cb53,4,"[496, 889, 895, 657]",734.25,0,4,0,4,"[0.0, 0.0, 0.0, 0.0]",False,0.0,True,False
10,6a7430a585672020134b320fde816bfe75b8189461f573f6ff1ed6cfd3d8b704,4,"[553, 1024, 1024, 153]",688.5,2,2,1,2,"[1.0, 0.0, 0.0, 0.0]",True,0.1875,False,False
11,cf7c9f42113ba192bb5ba45b180e7fadc90c2404ab7a3d4f082ba28709f575b5,4,"[586, 1024, 671, 520]",700.25,1,3,0,3,"[0.0, 0.0, 0.0, 0.0]",False,0.0,True,False
12,bd2ef9510c95d35607376b6acc5c0f70d015105dbddcce6e4319ab9f028a5fed,4,"[533, 872, 566, 512]",620.75,0,4,1,4,"[1.0, 0.0, 0.0, 0.0]",True,0.1875,False,False
13,6ca8017efc003f1c29304ebddfe6abf13622c75f6b451fc29c68db70d26b2778,4,"[757, 747, 889, 756]",787.25,0,4,0,4,"[0.0, 0.0, 0.0, 0.0]",False,0.0,True,False
14,dcfc016de0e27edf1f51587413a40ae488269278b5ca59004496739c2b716e31,4,"[762, 809, 1024, 786]",845.25,1,3,1,3,"[1.0, 0.0, 0.0, 0.0]",True,0.1875,False,False
15,eaa70772ca87ade585ce02a5fcb5cb6dca7ae5546b4eeb90a08182ad6a7f6af0,4,"[946, 924, 336, 1024]",807.5,1,3,0,3,"[0.0, 0.0, 0.0, 0.0]",False,0.0,True,False
16,0756b794ef9a621a1dd41ff3fca6c7acbbdc93e065e2fe2361e6006462b55c20,4,"[642, 891, 604, 296]",608.25,0,4,0,4,"[0.0, 0.0, 0.0, 0.0]",False,0.0,True,False
17,218f6b954253698ecf4d23a677f0425125fc83a2e8130f8920790200466ca028,4,"[1024, 750, 933, 1024]",932.75,2,2,0,2,"[0.0, 0.0, 0.0, 0.0]",False,0.0,True,False
18,55a1b32cb6509aa4b6dd42afc136faeb5806dd31edce29b55e7cd4c22c1f6c57,4,"[160, 203, 310, 204]",219.25,0,4,1,4,"[0.0, 1.0, 0.0, 0.0]",True,0.1875,False,False
19,903db4919f7ee9616f0986a964ec5580e21f6afc4fc29b91f70469d4071af642,4,"[1024, 1024, 1024, 1024]",1024,4,0,0,0,"[0.0, 0.0, 0.0, 0.0]",False,0.0,True,False
20,e9f980bf0e314e89073f7546576e731bc950c9dd4caae0a9908807bfb83c2e1c,4,"[754, 435, 737, 519]",611.25,0,4,1,4,"[0.0, 1.0, 0.0, 0.0]",True,0.1875,False,False
21,59e82d24f374ccd0fc1ce8a9fb2d8335d3cf7f2ea3fdff1ef621f72955d67e22,4,"[514, 800, 1024, 714]",763,1,3,0,3,"[0.0, 0.0, 0.0, 0.0]",False,0.0,True,False
22,0dfae6296d2f3b0a3ae898cc927bb6ab5f0476afcf967d6601d650c3a16ef769,4,"[605, 498, 426, 586]",528.75,0,4,0,4,"[0.0, 0.0, 0.0, 0.0]",False,0.0,True,False
23,9754f4163367ce4ac5916d8c7ae2fd93b1a31bba922fad0b12b27566e81d5831,4,"[545, 698, 717, 488]",612,0,4,0,4,"[0.0, 0.0, 0.0, 0.0]",False,0.0,True,False
24,970e8c691297b5312449914ce3414ec95d9c9473903dd8dfe7770a0e0390eebe,4,"[1024, 1024, 1024, 693]",941.25,3,1,0,1,"[0.0, 0.0, 0.0, 0.0]",False,0.0,True,False
25,9f62de00762856fe4ba145a7125cccac87c6e3b9cbb39f1bab39c63fd1e623a0,4,"[1024, 924, 1024, 646]",904.5,2,2,0,2,"[0.0, 0.0, 0.0, 0.0]",False,0.0,True,False
26,6a65e6beae21e8ac824eba38c9fdc7929636ef44d201b19df5f1c497ee31abed,4,"[1024, 1024, 1024, 1024]",1024,4,0,0,0,"[0.0, 0.0, 0.0, 0.0]",False,0.0,True,False
27,37d3b48205a4848b09cbfe3ce2251130e1576aff8fe7d78a2b3f37683c2cc65b,4,"[652, 729, 669, 775]",706.25,0,4,0,4,"[0.0, 0.0, 0.0, 0.0]",False,0.0,True,False
28,e8279b3efced9a16a4aaa6da9efcacea9a71b5d83830174bc60fa8b2de6de8f1,4,"[1024, 341, 813, 434]",653,1,3,0,3,"[0.0, 0.0, 0.0, 0.0]",False,0.0,True,False
29,2461343cb23e8cabfbf8b5130d6f1097138b67fb6de368ce2e7699add1910332,4,"[958, 995, 1024, 761]",934.5,1,3,0,3,"[0.0, 0.0, 0.0, 0.0]",False,0.0,True,False
30,b2a9088294ae7c30a31287d1183561de3b166d67da4e8bbecd3294f3e9f751fd,4,"[444, 538, 288, 391]",415.25,0,4,0,4,"[0.0, 0.0, 0.0, 0.0]",False,0.0,True,False
31,f2b6b132c96ca109a58eeb579f465e85a6a9bfbdc637ccf5cb51320cb17b28d8,4,"[617, 676, 589, 791]",668.25,0,4,1,4,"[1.0, 0.0, 0.0, 0.0]",True,0.1875,False,False
