prompt_id,prompt_index,completion_index,token_length,eos_reached,truncated,reward,independent_correct,valid_final_box,primary_category,primary_category_definition,secondary_tags,evidence_quote,confidence,ambiguity
78c290e3ea3ecf8783589f60a89e7219e6b6cf1c337fcf3ff0f77143667d7f85,0,3,1024,False,True,0.0,False,False,D,reasoning or problem-interpretation breakdown,"[""C"", ""false_bound""]",the sum \(y\) will be slightly less than 1,0.99,"The first claim contradicts the positive series; the remainder enumerates terms only to 70 of 1,000,000."
34c7b4a7c448f9a64842bac197009175f92dce7c7adf0a2b1c14967e69277efa,3,3,1024,False,True,0.0,False,False,D,reasoning or problem-interpretation breakdown,"[""symbol_confusion""]","Since \( B_0 \) is a constant, \( \mathbb{E}[B_0] = 0 \)",0.99,"The target concerns B_t B_s B_v, but the response substitutes B_0 and misuses covariance identities."
2cf918f1f38baa67b2bd73f438e564fe0e9d1f07d7d7166ec52d57934608bcf2,4,0,1024,False,True,0.0,False,False,D,reasoning or problem-interpretation breakdown,"[""invalid_theorem_application""]",Gauss's Law states that the flux through a closed surface is equal to the total charge,0.98,The response imports an unstated electrostatics model and treats a nonconstant divergence as constant.
6a7430a585672020134b320fde816bfe75b8189461f573f6ff1ed6cfd3d8b704,10,1,1024,False,True,0.0,False,False,C,inefficient enumeration,"[""repeated_enumeration""]","Next, let's check the next multiple of 9",0.97,It checks consecutive examples without deriving a stopping bound or exploiting digit-sum structure.
6a7430a585672020134b320fde816bfe75b8189461f573f6ff1ed6cfd3d8b704,10,2,1024,False,True,0.0,False,False,C,inefficient enumeration,"[""repeated_enumeration"", ""sibling_completion_overlap""]","Next, we check the next multiple of 9",0.98,This independently generated sibling repeats the same enumeration and stops at 162.
cf7c9f42113ba192bb5ba45b180e7fadc90c2404ab7a3d4f082ba28709f575b5,11,1,1024,False,True,0.0,False,False,D,reasoning or problem-interpretation breakdown,"[""condition_misread"", ""invalid_divisibility""]",2(f(2)! + 1) \mid 2(f(2)!) + 1.,0.99,The opening transforms the stated prime-divisibility condition into a different expression.
dcfc016de0e27edf1f51587413a40ae488269278b5ca59004496739c2b716e31,14,2,1024,False,True,0.0,False,False,D,reasoning or problem-interpretation breakdown,"[""out_of_domain_cases"", ""case_enumeration""]",### Case 9: \( x = 4 \),0.99,"The locked prompt as paraphrased in the completion gives 0≤x,y≤3, yet the response tests 4 and also miscomputes earlier cases."
eaa70772ca87ade585ce02a5fcb5cb6dca7ae5546b4eeb90a08182ad6a7f6af0,15,3,1024,False,True,0.0,False,False,D,reasoning or problem-interpretation breakdown,"[""invalid_complex_algebra"", ""sibling_repetition""]",a^{43/2} = 1,0.99,It introduces an invalid fractional-power argument for complex values and an irrelevant 2-adic classification.
218f6b954253698ecf4d23a677f0425125fc83a2e8130f8920790200466ca028,17,0,1024,False,True,0.0,False,False,D,reasoning or problem-interpretation breakdown,"[""algebra_error"", ""terminal_work_started""]",48x(x - 1) = 0,0.99,The preceding substitution simplifies to a different quadratic; the claimed intersection coordinates are wrong before area counting.
218f6b954253698ecf4d23a677f0425125fc83a2e8130f8920790200466ca028,17,3,1024,False,True,0.0,False,False,D,reasoning or problem-interpretation breakdown,"[""algebra_error"", ""terminal_work_started""]","So, the points of intersection are \(A(0, 3)\) and \(B(8, -3)\).",0.99,The second intersection is incorrect for the stated line and ellipse; subsequent area equations inherit it.
903db4919f7ee9616f0986a964ec5580e21f6afc4fc29b91f70469d4071af642,19,0,1024,False,True,0.0,False,False,B,repetition or degenerate continuation,"[""D"", ""repeated_integral"", ""sibling_completion_overlap""]",E[V^2] = \int_0^1 \int_0^1 y^2 (1 - x),0.94,The response repeats the same integral and does not reach a correlation; its joint-density reasoning is also suspect.
903db4919f7ee9616f0986a964ec5580e21f6afc4fc29b91f70469d4071af642,19,1,1024,False,True,0.0,False,False,B,repetition or degenerate continuation,"[""D"", ""unfinished_integral"", ""sibling_completion_overlap""]","First, we integrate with respect to \(u\):",0.92,The derivation remains at an unfinished integral and does not produce a correlation coefficient.
903db4919f7ee9616f0986a964ec5580e21f6afc4fc29b91f70469d4071af642,19,2,1024,False,True,0.0,False,False,B,repetition or degenerate continuation,"[""D"", ""repeated_integral"", ""sibling_completion_overlap""]","2 \int_0^1 \int_0^u u v^2 \, dv \, du",0.93,It repeats equivalent moment calculations but never combines them into the requested coefficient.
903db4919f7ee9616f0986a964ec5580e21f6afc4fc29b91f70469d4071af642,19,3,1024,False,True,0.0,False,False,B,repetition or degenerate continuation,"[""D"", ""variance_identity_error"", ""sibling_completion_overlap""]",\text{Var}(U) = \text{Var}(X) + \text{Var}(Y),0.99,This sibling asserts a false variance identity and is cut off before a result.
59e82d24f374ccd0fc1ce8a9fb2d8335d3cf7f2ea3fdff1ef621f72955d67e22,21,2,1024,False,True,0.0,False,False,E,"answer candidate reached, final-box format incomplete/invalid","[""D"", ""false_monotonicity"", ""unfinished_box""]","is \(\boxed{[-0.10, ",0.99,"A terminal range is attempted, but its endpoint is based on false monotonicity and the box is unfinished."
970e8c691297b5312449914ce3414ec95d9c9473903dd8dfe7770a0e0390eebe,24,0,1024,False,True,0.0,False,False,D,reasoning or problem-interpretation breakdown,"[""pde_confusion"", ""irrelevant_wave_equation""]",the equation \( u_{t} = u_{xx} \) must be homogeneous of degree 0,0.99,The response switches between heat and wave equations and invents exponential traveling-wave forms.
970e8c691297b5312449914ce3414ec95d9c9473903dd8dfe7770a0e0390eebe,24,1,1024,False,True,0.0,False,False,D,reasoning or problem-interpretation breakdown,"[""energy_assumption"", ""arithmetic""]",c_1^2 - 8c_1 + 28 = 0,0.98,It assumes squared heat energy is conserved without support and reaches a quadratic with negative discriminant.
970e8c691297b5312449914ce3414ec95d9c9473903dd8dfe7770a0e0390eebe,24,2,1024,False,True,0.0,False,False,D,reasoning or problem-interpretation breakdown,"[""boundary_condition_confusion"", ""repeated_integral""]","u_x(0, t) = u_x(4, t) = -2",0.99,"The domain is [0,4], but the response reasons about x<0 and repeats an incorrectly evaluated steady-state integral."
9f62de00762856fe4ba145a7125cccac87c6e3b9cbb39f1bab39c63fd1e623a0,25,0,1024,False,True,0.0,False,False,D,reasoning or problem-interpretation breakdown,"[""unsupported_polynomial_ansatz"", ""complex_analysis_error""]",f'(z) = \frac{d}{dz} \left( (x + yi)^n \right),0.99,It invents a power-law ansatz and conflates real and imaginary coordinates with complex values.
9f62de00762856fe4ba145a7125cccac87c6e3b9cbb39f1bab39c63fd1e623a0,25,2,1024,False,True,0.0,False,False,D,reasoning or problem-interpretation breakdown,"[""invalid_derivative_rule"", ""constraint_misread""]",\frac{dx}{dz} = \frac{1}{z},0.99,The response uses an invalid derivative rule and repeatedly substitutes the condition for unrelated quantities.
6a65e6beae21e8ac824eba38c9fdc7929636ef44d201b19df5f1c497ee31abed,26,0,1024,False,True,0.0,False,False,D,reasoning or problem-interpretation breakdown,"[""B"", ""method_index_error"", ""sibling_completion_overlap""]",Fifth iteration (i = 4),0.96,"For t=0.3 and h=0.1 it continues beyond the requested steps, with inconsistent predictor-corrector values."
6a65e6beae21e8ac824eba38c9fdc7929636ef44d201b19df5f1c497ee31abed,26,1,1024,False,True,0.0,False,False,D,reasoning or problem-interpretation breakdown,"[""B"", ""method_index_error"", ""sibling_completion_overlap""]",y_{-1} = y_0 + h f_{-1},0.99,"It invents a backward value, changes the stated starting value during arithmetic, and repeats fixed terms."
6a65e6beae21e8ac824eba38c9fdc7929636ef44d201b19df5f1c497ee31abed,26,2,1024,False,True,0.0,False,False,D,reasoning or problem-interpretation breakdown,"[""B"", ""method_index_error"", ""sibling_completion_overlap""]",For the next step,0.98,The derivative update does not follow y'=3ty and the response repeats a drifting recurrence.
6a65e6beae21e8ac824eba38c9fdc7929636ef44d201b19df5f1c497ee31abed,26,3,1024,False,True,0.0,False,False,D,reasoning or problem-interpretation breakdown,"[""B"", ""initial_condition_conflict"", ""sibling_completion_overlap""]",y_0 = 0,0.99,It replaces the stated y(0)=-1 with y_0=0 and then repeats inconsistent predictor/corrector updates.
e8279b3efced9a16a4aaa6da9efcacea9a71b5d83830174bc60fa8b2de6de8f1,28,0,1024,False,True,0.0,False,False,D,reasoning or problem-interpretation breakdown,"[""eigenvalue_multiplicity_error"", ""determinant_error""]","Since \(A^{100}\) is also diagonalizable, its eigenvalues are 1, 0, and -1.",0.99,It incorrectly preserves the -1 eigenvalue under an even power and mishandles multiplicities.
2461343cb23e8cabfbf8b5130d6f1097138b67fb6de368ce2e7699add1910332,29,2,1024,False,True,0.0,False,False,B,repetition or degenerate continuation,"[""D"", ""verbatim_formula_loop"", ""sibling_completion_overlap""]",= \frac{\omega^k k \ln \omega^k}{\omega^{4k} + 1},0.99,The same residue expression is repeated many times; the stated poles are also incorrect for z^4+1.
